{
  "TaagaMan" : {
    "transaction" : "TaagaMan",
    "sampleCount" : 70,
    "errorCount" : 0,
    "errorPct" : 0.0,
    "meanResTime" : 6330.014285714289,
    "medianResTime" : 6381.5,
    "minResTime" : 590.0,
    "maxResTime" : 14697.0,
    "pct1ResTime" : 9960.1,
    "pct2ResTime" : 12106.950000000003,
    "pct3ResTime" : 14697.0,
    "throughput" : 3.482587064676617,
    "receivedKBytesPerSec" : 1673.261572994403,
    "sentKBytesPerSec" : 0.44552627487562185
  },
  "HomePage" : {
    "transaction" : "HomePage",
    "sampleCount" : 70,
    "errorCount" : 0,
    "errorPct" : 0.0,
    "meanResTime" : 8880.857142857143,
    "medianResTime" : 8526.0,
    "minResTime" : 3829.0,
    "maxResTime" : 23464.0,
    "pct1ResTime" : 13526.8,
    "pct2ResTime" : 15422.8,
    "pct3ResTime" : 23464.0,
    "throughput" : 2.9420417769932334,
    "receivedKBytesPerSec" : 1064.7663326004497,
    "sentKBytesPerSec" : 0.3332781700500147
  },
  "Taaga" : {
    "transaction" : "Taaga",
    "sampleCount" : 70,
    "errorCount" : 0,
    "errorPct" : 0.0,
    "meanResTime" : 9407.457142857143,
    "medianResTime" : 8762.0,
    "minResTime" : 3069.0,
    "maxResTime" : 20332.0,
    "pct1ResTime" : 14912.8,
    "pct2ResTime" : 18388.15,
    "pct3ResTime" : 20332.0,
    "throughput" : 2.859360320248356,
    "receivedKBytesPerSec" : 1393.1117818410194,
    "sentKBytesPerSec" : 0.3546276959683019
  },
  "Total" : {
    "transaction" : "Total",
    "sampleCount" : 210,
    "errorCount" : 0,
    "errorPct" : 0.0,
    "meanResTime" : 8206.10952380952,
    "medianResTime" : 7501.5,
    "minResTime" : 590.0,
    "maxResTime" : 23464.0,
    "pct1ResTime" : 13121.7,
    "pct2ResTime" : 15166.849999999995,
    "pct3ResTime" : 20174.36999999998,
    "throughput" : 7.081675322047616,
    "receivedKBytesPerSec" : 3138.5753186753896,
    "sentKBytesPerSec" : 0.8621570867336615
  }
}